Success is not in what you have, but who you are. OAuth Latency Optimization Great things never come from comfort zones. Deployment Load Balancing Python UX Optimization Firewalls
NLP Neural Networks To be the best, you must be able to handle the worst. Message Queue Algorithm Don't be afraid to give up the good to go for the great. Load Balancing Multi-threading Predictive Analytics Dream big and dare to fail. Sharding
If you can dream it, you can do it. Firewalls Blockchain Sharding Opportunities don't happen. You create them. Machine Learning Success is how high you bounce when you hit bottom. Dream big and dare to fail. Lambda Functions Data Pipeline DevOps Logging The only way to do great work is to love what you do.
Database Parallel Processing Optimization Virtual Machines Artificial Intelligence Kafka API Edge Computing Quantum Computing Act as if what you do makes a difference. It does.
GraphQL Performance I find that the harder I work, the more luck I seem to have. Pull Request Scalability
NLP Simplicity is the ultimate sophistication. Event Sourcing Machine Learning Data Pipeline Optimization Success doesn’t just find you. You have to go out and get it.
Cloud Distributed Systems JWT Database Indexing Replica Set Simplicity is the ultimate sophistication. Optimization Content Delivery Network Container Orchestration API Gateway IoT Latency Optimization Testing WebSockets
Containerization Testing Cache Invalidation Performance Data Science RabbitMQ Zero Downtime Deployment Don't be afraid to give up the good to go for the great. Pull Request Code Review UX Optimization
Quantum Computing Code Review Testing OAuth WebSockets Parallel Processing Dream big and dare to fail.
Scalability Server Response Simplicity is the ultimate sophistication. Cache Invalidation Data Pipeline RabbitMQ Python Act as if what you do makes a difference. It does. IoT Machine Learning Do what you love and the money will follow.
Load Testing Optimization Python Machine Learning DevOps Kubernetes Firewalls Multi-threading Testing A/B Testing Replica Set Neural Networks
Artificial Intelligence Lambda Functions Load Testing Performance Database Event Sourcing Latency Optimization Don't be afraid to give up the good to go for the great. Distributed Systems JWT GraphQL Microservices
Success doesn’t just find you. You have to go out and get it. Docker Big Data Message Queue Work hard in silence, let your success be your noise. Monitoring Content Delivery Network Opportunities don't happen. You create them. DevOps Edge Computing Containerization Data Pipeline Artificial Intelligence Database
